City_ID,City,Country,Date,Lat,Lng,Max Temp,Humidity,Cloudiness,Wind Speed
0,Yellowknife,CA,2020-08-18 11:15:54,62.46,-114.35,55.4,93,90,6.93
1,Paracuru,BR,2020-08-18 11:20:13,-3.41,-39.03,79.0,61,56,14.0
2,Ushuaia,AR,2020-08-18 11:19:21,-54.8,-68.3,27.5,94,62,6.42
3,Tuktoyaktuk,CA,2020-08-18 11:20:13,69.45,-133.04,46.6,89,94,12.33
4,Clyde River,CA,2020-08-18 11:20:13,70.47,-68.59,53.6,76,1,6.93
5,Saint-Philippe,RE,2020-08-18 11:20:14,-21.36,55.77,77.0,65,50,25.28
6,Novopokrovka,UA,2020-08-18 11:20:14,49.84,36.55,86.0,27,68,8.95
7,Matamoros,MX,2020-08-18 11:20:14,25.53,-103.25,77.0,53,20,6.91
8,Vila Franca Do Campo,PT,2020-08-18 11:20:14,37.72,-25.43,75.2,88,40,14.99
9,Prince Rupert,CA,2020-08-18 11:17:19,54.32,-130.32,57.2,100,90,4.7
10,Cabo San Lucas,MX,2020-08-18 11:20:14,22.89,-109.91,79.0,93,58,0.65
11,Liuli,TZ,2020-08-18 11:20:15,-11.08,34.63,81.9,43,28,4.36
12,Bluff,NZ,2020-08-18 11:20:15,-46.6,168.33,45.32,69,100,7.85
13,Okhotsk,RU,2020-08-18 11:20:15,59.38,143.3,54.93,86,100,9.95
14,Dickinson,US,2020-08-18 11:20:15,29.46,-95.05,81.0,83,1,3.36
15,Hermanus,ZA,2020-08-18 11:20:15,-34.42,19.23,54.0,65,97,11.99
16,Monastyrshchina,RU,2020-08-18 11:20:15,54.35,31.84,72.34,67,98,6.96
17,East London,ZA,2020-08-18 11:20:15,-33.02,27.91,60.8,29,20,29.97
18,Hobart,AU,2020-08-18 11:19:19,-42.88,147.33,48.2,70,75,4.7
19,Kahului,US,2020-08-18 11:17:23,20.89,-156.47,78.8,61,20,9.17
20,Rikitea,PF,2020-08-18 11:20:15,-23.12,-134.97,71.42,81,33,12.46
21,Mount Gambier,AU,2020-08-18 11:20:15,-37.83,140.77,48.2,93,75,10.29
22,Muisne,EC,2020-08-18 11:20:16,0.6,-80.03,73.09,88,100,13.33
23,Nikolskoye,RU,2020-08-18 11:20:16,59.7,30.79,68.0,40,20,4.47
24,Luderitz,NA,2020-08-18 11:20:16,-26.65,15.16,64.94,33,0,25.66
25,San Policarpo,PH,2020-08-18 11:20:16,12.18,125.51,80.47,81,100,6.85
26,Seoul,KR,2020-08-18 11:19:35,37.57,126.98,86.0,55,1,5.46
27,Palauig,PH,2020-08-18 11:20:16,15.44,119.9,82.72,78,100,3.2
28,Haines Junction,CA,2020-08-18 11:20:17,60.75,-137.51,40.17,85,3,1.81
29,Fort Nelson,CA,2020-08-18 11:20:17,58.81,-122.7,53.6,100,75,4.36
30,Adrar,MR,2020-08-18 11:20:17,20.5,-10.07,100.92,18,9,17.45
31,Albany,US,2020-08-18 11:20:17,42.6,-73.97,64.0,82,89,2.24
32,Barrow,US,2020-08-18 11:20:17,71.29,-156.79,42.8,100,90,13.87
33,New Norfolk,AU,2020-08-18 11:20:17,-42.78,147.06,46.0,80,16,3.4
34,Mananara,MG,2020-08-18 11:20:18,-16.17,49.77,74.59,63,84,9.95
35,Puerto Escondido,MX,2020-08-18 11:20:18,15.85,-97.07,76.3,80,55,5.41
36,Puerto Ayora,EC,2020-08-18 11:20:18,-0.74,-90.35,64.99,98,100,1.01
37,Mataura,NZ,2020-08-18 11:20:18,-46.19,168.86,41.54,70,100,3.31
38,Kavieng,PG,2020-08-18 11:20:18,-2.57,150.8,82.49,78,11,14.14
39,Biskamzha,RU,2020-08-18 11:20:19,53.45,89.53,77.23,50,74,2.06
40,Ha Giang,VN,2020-08-18 11:20:19,22.83,104.98,77.32,83,100,0.36
41,Fortuna,US,2020-08-18 11:20:19,40.6,-124.16,57.99,93,100,1.99
42,Torrington,US,2020-08-18 11:19:49,41.8,-73.12,63.0,100,56,2.93
43,Bushehr,IR,2020-08-18 11:20:19,28.97,50.84,96.8,41,0,13.87
44,Foam Lake,CA,2020-08-18 11:15:49,51.65,-103.53,66.54,57,46,5.77
45,Maniwaki,CA,2020-08-18 11:20:19,46.38,-75.97,52.25,97,45,3.47
46,Narsaq,GL,2020-08-18 11:20:19,60.92,-46.05,51.8,62,20,4.7
47,Isangel,VU,2020-08-18 11:20:20,-19.55,169.27,72.54,85,87,9.53
48,Butaritari,KI,2020-08-18 11:20:20,3.07,172.79,82.49,72,9,8.25
49,Ilembo,TZ,2020-08-18 11:20:20,-9.25,33.38,76.78,31,71,6.49
50,Port Alfred,ZA,2020-08-18 11:20:20,-33.59,26.89,56.16,52,47,37.8
51,Salisbury,GB,2020-08-18 11:20:20,51.07,-1.8,71.01,73,40,14.99
52,Togur,RU,2020-08-18 11:20:20,58.36,82.83,72.46,73,97,5.03
53,Myanaung,MM,2020-08-18 11:20:21,18.28,95.32,76.42,93,99,4.63
54,Atuona,PF,2020-08-18 11:20:21,-9.8,-139.03,78.44,78,12,21.47
55,Busselton,AU,2020-08-18 11:20:21,-33.65,115.33,52.0,56,74,7.83
56,Altay,CN,2020-08-18 11:20:21,47.87,88.12,82.45,18,11,6.4
57,Erdenet,MN,2020-08-18 11:20:21,49.03,104.08,59.13,71,33,5.57
58,Toora-Khem,RU,2020-08-18 11:20:21,52.47,96.11,75.56,42,74,4.27
59,Guanare,VE,2020-08-18 11:20:21,9.04,-69.74,72.75,95,100,2.35
60,Ulaanbaatar,MN,2020-08-18 11:20:00,47.91,106.88,66.2,29,20,2.24
61,Guarapari,BR,2020-08-18 11:20:22,-20.67,-40.5,77.0,88,75,3.36
62,Pangnirtung,CA,2020-08-18 11:20:22,66.15,-65.71,46.4,93,75,3.36
63,Coro,VE,2020-08-18 11:20:22,11.4,-69.67,76.91,82,99,7.02
64,Punta Arenas,CL,2020-08-18 11:17:09,-53.15,-70.92,28.4,79,10,12.75
65,Sao Jose Da Coroa Grande,BR,2020-08-18 11:20:22,-8.9,-35.15,77.05,78,15,10.54
66,Valparaiso,CL,2020-08-18 11:20:23,-33.04,-71.63,37.4,100,75,2.24
67,Huarmey,PE,2020-08-18 11:20:23,-10.07,-78.15,57.47,84,63,7.78
68,Bockenem,DE,2020-08-18 11:20:23,52.01,10.13,75.99,72,99,1.99
69,Castro,BR,2020-08-18 11:20:23,-24.79,-50.01,59.94,95,100,8.21
70,Lebu,CL,2020-08-18 11:20:23,-37.62,-73.65,47.41,81,85,13.44
71,Kapaa,US,2020-08-18 11:20:23,22.08,-159.32,78.8,74,20,11.41
72,Garowe,SO,2020-08-18 11:20:23,8.41,48.48,93.65,27,94,26.89
73,Kodiak,US,2020-08-18 11:20:23,57.79,-152.41,53.6,81,90,4.7
74,Ponta Do Sol,PT,2020-08-18 11:20:23,32.67,-17.1,75.99,66,0,3.78
75,Tiksi,RU,2020-08-18 11:20:24,71.69,128.87,42.64,86,94,12.19
76,Khani,GE,2020-08-18 11:20:24,41.96,42.96,84.2,51,0,11.41
77,Vaini,TO,2020-08-18 11:20:24,-21.2,-175.2,71.6,94,75,10.29
78,Amga,RU,2020-08-18 11:20:24,60.9,131.96,50.11,64,96,1.86
79,Bengkulu,ID,2020-08-18 11:20:24,-3.8,102.27,81.68,81,74,6.89
80,Ostrovnoy,RU,2020-08-18 11:20:24,68.05,39.51,51.93,67,44,8.23
81,Salinopolis,BR,2020-08-18 11:20:25,-0.61,-47.36,81.32,76,11,12.8
82,Choma,ZM,2020-08-18 11:20:25,-16.81,26.95,86.22,15,5,5.82
83,Carnarvon,AU,2020-08-18 11:18:57,-24.87,113.63,66.2,63,76,12.75
84,Tasiilaq,GL,2020-08-18 11:20:25,65.61,-37.64,51.8,68,75,21.92
85,Bredasdorp,ZA,2020-08-18 11:20:25,-34.53,20.04,57.2,58,35,19.46
86,Lompoc,US,2020-08-18 11:20:26,34.64,-120.46,62.6,87,1,3.36
87,Lufilufi,WS,2020-08-18 11:20:26,-13.87,-171.6,82.09,79,69,22.06
88,Trinidad,BO,2020-08-18 11:20:26,-14.83,-64.9,69.8,88,97,3.42
89,Krasnoarmeysk,RU,2020-08-18 11:20:26,51.02,45.7,73.0,6,20,8.01
90,Bambous Virieux,MU,2020-08-18 11:20:26,-20.34,57.76,75.2,69,75,14.99
91,Upernavik,GL,2020-08-18 11:20:26,72.79,-56.15,46.53,59,99,4.43
92,Tuatapere,NZ,2020-08-18 11:20:26,-46.13,167.68,44.29,72,100,6.26
93,Srednekolymsk,RU,2020-08-18 11:20:26,67.45,153.68,46.35,64,100,5.23
94,Pemangkat,ID,2020-08-18 11:20:27,1.17,108.97,82.04,74,82,3.15
95,Jamestown,US,2020-08-18 11:20:27,42.1,-79.24,59.0,100,75,3.36
96,Ilulissat,GL,2020-08-18 11:20:27,69.22,-51.1,48.2,56,75,2.24
97,Esperance,AU,2020-08-18 11:20:27,-33.87,121.9,51.8,100,75,11.41
98,Caravelas,BR,2020-08-18 11:20:27,-17.71,-39.25,75.99,73,21,6.49
99,Dharchula,IN,2020-08-18 11:20:27,29.85,80.53,80.31,66,58,3.18
100,Pisco,PE,2020-08-18 11:20:27,-13.7,-76.22,61.0,87,90,3.36
101,College,US,2020-08-18 11:20:27,64.86,-147.8,55.99,66,20,3.36
102,Barranquilla,CO,2020-08-18 11:19:33,10.96,-74.8,77.0,100,75,5.82
103,Thompson,CA,2020-08-18 11:17:09,55.74,-97.86,53.6,93,75,2.57
104,Qaanaaq,GL,2020-08-18 11:20:28,77.48,-69.36,43.45,60,99,10.58
105,Muravlenko,RU,2020-08-18 11:20:28,63.79,74.52,68.18,58,67,16.4
106,Kayerkan,RU,2020-08-18 11:20:28,69.35,87.76,69.8,43,4,4.47
107,Ahipara,NZ,2020-08-18 11:20:28,-35.17,173.17,58.01,90,100,19.39
108,Richards Bay,ZA,2020-08-18 11:20:28,-28.78,32.04,69.84,44,83,15.23
109,Flin Flon,CA,2020-08-18 11:20:28,54.77,-101.86,55.4,93,20,4.05
110,Kodinsk,RU,2020-08-18 11:20:29,58.69,99.18,74.37,41,0,4.83
111,Orlik,RU,2020-08-18 11:20:29,52.52,99.83,63.63,60,98,2.55
112,Provideniya,RU,2020-08-18 11:20:29,64.38,-173.3,49.78,76,100,10.69
113,Yarmouth,US,2020-08-18 11:19:50,41.71,-70.23,69.01,94,90,10.29
114,San Cristobal,VE,2020-08-18 11:20:29,7.77,-72.22,65.64,84,98,2.59
115,Valley City,US,2020-08-18 11:20:29,46.92,-98.0,59.0,100,1,4.7
116,Banda Aceh,ID,2020-08-18 11:15:55,5.56,95.32,84.09,74,6,12.57
117,Aykhal,RU,2020-08-18 11:20:29,66.0,111.5,68.0,22,0,6.71
118,Hilo,US,2020-08-18 11:19:58,19.73,-155.09,73.4,78,75,5.82
119,Batavia,US,2020-08-18 11:20:30,41.85,-88.31,64.99,88,40,5.82
120,Tingi,TZ,2020-08-18 11:20:30,-11.3,35.03,81.28,32,26,2.82
121,Saint-Augustin,CA,2020-08-18 11:20:30,51.23,-58.65,58.95,85,32,10.63
122,Fuzhou,CN,2020-08-18 11:17:27,26.06,119.31,84.2,83,20,20.13
123,Shitanjing,CN,2020-08-18 11:20:30,39.23,106.34,72.48,42,15,16.73
124,Williamsport,US,2020-08-18 11:15:49,41.24,-77.0,64.99,82,90,2.89
125,Bethel,US,2020-08-18 11:17:30,41.37,-73.41,63.0,100,20,4.7
126,Sistranda,NO,2020-08-18 11:20:31,63.73,8.83,68.0,68,20,4.7
127,Gladstone,AU,2020-08-18 11:20:31,-23.85,151.25,68.0,68,0,8.05
128,Port Elizabeth,ZA,2020-08-18 11:20:31,-33.92,25.57,48.2,81,90,23.04
129,Thinadhoo,MV,2020-08-18 11:20:31,0.53,72.93,84.85,65,0,7.29
130,Laguna,US,2020-08-18 11:20:31,38.42,-121.42,78.01,73,1,4.18
131,Aksu,CN,2020-08-18 11:20:31,41.12,80.26,93.78,13,0,3.65
132,Takoradi,GH,2020-08-18 11:20:31,4.88,-1.76,78.66,77,93,8.57
133,Nopaltepec,MX,2020-08-18 11:20:32,19.8,-98.7,57.2,87,75,5.82
134,Fare,PF,2020-08-18 11:20:32,-16.7,-151.02,78.46,77,8,13.38
135,Nuuk,GL,2020-08-18 11:20:32,64.18,-51.72,50.0,76,20,3.6
136,Khatanga,RU,2020-08-18 11:20:32,71.97,102.5,65.53,65,45,10.74
137,Hithadhoo,MV,2020-08-18 11:20:32,-0.6,73.08,83.88,72,35,6.4
138,Vardo,NO,2020-08-18 11:20:33,70.37,31.11,53.6,71,40,20.8
139,Lulea,SE,2020-08-18 11:20:33,65.58,22.15,59.0,54,81,5.82
140,Avarua,CK,2020-08-18 11:20:33,-21.21,-159.78,71.6,73,100,13.87
141,Flinders,AU,2020-08-18 11:20:33,-34.58,150.86,59.0,65,27,5.77
142,Touros,BR,2020-08-18 11:16:26,-5.2,-35.46,71.6,83,20,4.7
143,Joensuu,FI,2020-08-18 11:20:33,62.6,29.76,64.99,45,5,5.82
144,Cidreira,BR,2020-08-18 11:20:33,-30.18,-50.21,61.77,88,60,15.57
145,Saskylakh,RU,2020-08-18 11:20:33,71.92,114.08,48.34,71,71,12.37
146,Bom Jesus,BR,2020-08-18 11:20:34,-9.07,-44.36,77.92,54,21,9.84
147,Bosaso,SO,2020-08-18 11:20:34,11.28,49.18,104.0,31,20,6.93
148,Arraial Do Cabo,BR,2020-08-18 11:20:34,-22.97,-42.03,71.6,94,75,3.36
149,Longyearbyen,SJ,2020-08-18 11:20:34,78.22,15.64,46.4,65,75,16.11
150,Olafsvik,IS,2020-08-18 11:20:35,64.89,-23.71,55.44,72,50,10.11
151,Aklavik,CA,2020-08-18 11:20:35,68.22,-135.01,48.2,76,40,3.36
152,Sokoni,TZ,2020-08-18 11:20:35,-6.43,39.55,84.2,74,75,11.41
153,Nanortalik,GL,2020-08-18 11:20:35,60.14,-45.24,49.95,68,44,1.95
154,San Pedro,PH,2020-08-18 11:20:35,14.35,121.02,81.0,87,100,3.4
155,Henties Bay,NA,2020-08-18 11:20:35,-22.12,14.28,61.0,69,0,5.99
156,Kaniama,CD,2020-08-18 11:20:36,-7.57,24.18,105.6,14,22,2.59
157,Kununurra,AU,2020-08-18 11:20:36,-15.77,128.73,84.2,51,0,10.29
158,Kabare,CD,2020-08-18 11:20:36,-2.47,28.82,84.43,24,62,5.23
159,Beringovskiy,RU,2020-08-18 11:20:36,63.05,179.32,50.41,62,21,11.07
160,Cape Town,ZA,2020-08-18 11:16:33,-33.93,18.42,60.01,54,40,18.34
161,Nuevo Progreso,MX,2020-08-18 11:20:36,23.17,-97.95,73.0,71,88,3.15
162,Bud,US,2020-08-18 11:20:36,39.45,-86.18,64.0,93,90,12.75
163,Yerbogachen,RU,2020-08-18 11:17:19,61.28,108.01,64.99,48,0,3.6
164,Podgorica,ME,2020-08-18 11:17:44,42.44,19.26,87.8,38,20,4.7
165,Bandarbeyla,SO,2020-08-18 11:20:36,9.49,50.81,91.94,38,29,28.88
166,Chapais,CA,2020-08-18 11:20:37,49.78,-74.85,55.4,93,90,3.36
167,Odweyne,SO,2020-08-18 11:20:37,9.41,45.06,87.24,37,66,22.37
168,Broken Hill,AU,2020-08-18 11:20:37,-31.95,141.43,59.0,33,0,9.17
169,Tura,IN,2020-08-18 11:17:12,25.52,90.22,82.58,80,10,7.16
170,Karaton,ID,2020-08-18 11:20:37,-6.34,106.1,87.01,66,40,5.82
171,Portland,US,2020-08-18 11:16:05,45.52,-122.68,68.0,77,1,1.52
172,Asau,RO,2020-08-18 11:20:37,46.43,26.4,86.0,35,20,11.41
173,Sao Filipe,CV,2020-08-18 11:20:38,14.9,-24.5,78.69,85,66,5.79
174,Abu Samrah,SY,2020-08-18 11:20:38,35.3,37.18,99.18,16,0,19.55
175,Gushikawa,JP,2020-08-18 11:20:38,26.35,127.87,86.0,74,1,12.75
176,Ngunguru,NZ,2020-08-18 11:20:38,-35.62,174.5,59.34,83,100,25.9
177,Talnakh,RU,2020-08-18 11:20:39,69.49,88.4,69.8,43,0,4.47
178,Berlevag,NO,2020-08-18 11:20:39,70.86,29.09,53.6,66,75,18.34
179,Khuzhir,RU,2020-08-18 11:20:39,53.19,107.34,58.24,66,78,10.65
180,Lupiro,TZ,2020-08-18 11:20:39,-8.38,36.67,89.08,30,70,7.58
181,Machali,CL,2020-08-18 11:20:39,-34.18,-70.67,42.13,73,20,0.94
182,Sioux Lookout,CA,2020-08-18 11:20:39,50.1,-91.92,51.8,100,75,2.24
183,Porto Walter,BR,2020-08-18 11:20:39,-8.27,-72.74,71.24,78,0,1.19
184,Rockport,US,2020-08-18 11:20:39,28.02,-97.05,80.6,83,1,6.93
185,Sorland,NO,2020-08-18 11:20:40,67.67,12.69,51.8,76,90,9.17
186,Soyo,AO,2020-08-18 11:20:40,-6.13,12.37,75.92,73,65,8.37
187,Blagoyevo,RU,2020-08-18 11:20:40,63.37,47.92,55.29,63,58,11.56
188,Norman Wells,CA,2020-08-18 11:20:40,65.28,-126.83,48.2,81,75,4.7
189,Saint George,US,2020-08-18 11:20:40,37.1,-113.58,80.6,10,1,6.93
190,Elat,IL,2020-08-18 11:20:40,29.56,34.95,96.8,30,0,8.05
191,Paragominas,BR,2020-08-18 11:20:41,-2.97,-47.48,75.36,80,54,6.73
192,Dicabisagan,PH,2020-08-18 11:20:41,17.08,122.42,81.25,79,36,0.94
193,Yumen,CN,2020-08-18 11:20:41,40.28,97.2,87.03,12,0,11.68
194,Tabou,CI,2020-08-18 11:20:41,4.42,-7.35,78.04,77,88,10.13
195,Berea,US,2020-08-18 11:20:41,41.37,-81.85,60.8,93,40,3.67
196,Butembo,CD,2020-08-18 11:20:41,0.15,29.28,74.64,60,82,1.01
197,Constitucion,CL,2020-08-18 11:16:08,-35.33,-72.42,46.38,77,74,3.24
198,Navalmoral De La Mata,ES,2020-08-18 11:20:41,39.89,-5.54,78.01,57,83,1.99
199,Buta,CD,2020-08-18 11:20:42,2.79,24.73,92.93,44,79,2.86
200,Chokurdakh,RU,2020-08-18 11:20:42,70.63,147.92,37.56,93,100,4.83
201,Quimper,FR,2020-08-18 11:20:42,48.0,-4.1,69.8,88,75,6.93
202,Rudnichnyy,RU,2020-08-18 11:20:42,59.62,52.47,55.63,59,99,13.0
203,Praya,CV,2020-08-18 11:20:42,14.92,-23.51,84.2,79,75,11.41
204,Mar Del Plata,AR,2020-08-18 11:20:42,-38.0,-57.56,51.01,69,0,6.93
205,Ginir,ET,2020-08-18 11:20:43,7.13,40.7,71.91,64,79,3.78
206,Cedar City,US,2020-08-18 11:16:29,37.68,-113.06,66.2,20,1,3.76
207,Kuala Perlis,MY,2020-08-18 11:20:43,6.4,100.13,87.8,74,20,4.7
208,Mount Isa,AU,2020-08-18 11:16:35,-20.73,139.5,69.8,28,0,7.0
209,Saldanha,ZA,2020-08-18 11:20:43,-33.01,17.94,57.2,60,75,23.04
210,Port Blair,IN,2020-08-18 11:20:44,11.67,92.75,83.77,76,99,14.38
211,Lorengau,PG,2020-08-18 11:20:44,-2.02,147.27,81.23,82,24,9.75
212,Zaraza,VE,2020-08-18 11:20:44,9.35,-65.32,75.07,97,96,1.79
213,Mildura,AU,2020-08-18 11:20:44,-34.2,142.15,53.6,58,75,3.36
214,Geraldton,AU,2020-08-18 11:20:44,-28.77,114.6,57.2,71,75,4.7
215,Torbay,CA,2020-08-18 11:20:44,47.67,-52.73,63.0,93,75,9.17
216,Darhan,MN,2020-08-18 11:20:45,49.49,105.92,66.36,56,0,3.8
217,Dikson,RU,2020-08-18 11:20:45,73.51,80.55,51.3,87,0,7.54
218,Faanui,PF,2020-08-18 11:20:45,-16.48,-151.75,77.77,79,24,14.41
219,Ostersund,SE,2020-08-18 11:20:45,63.18,14.64,62.6,77,3,3.36
220,Chiredzi,ZW,2020-08-18 11:20:45,-21.05,31.67,97.14,14,0,0.65
221,Tambun,ID,2020-08-18 11:20:45,-6.26,107.07,86.0,62,40,3.36
222,Ishigaki,JP,2020-08-18 11:20:46,24.34,124.16,82.4,88,75,11.41
223,Alofi,NU,2020-08-18 11:20:46,-19.06,-169.92,73.4,88,96,10.29
224,Moerai,PF,2020-08-18 11:20:46,-22.43,-151.33,70.86,78,100,22.82
225,Luanda,AO,2020-08-18 11:19:47,-8.84,13.23,75.2,73,75,3.36
226,Bima,ID,2020-08-18 11:20:46,-8.47,118.72,74.61,82,1,5.53
227,Mokhotlong,LS,2020-08-18 11:20:47,-29.29,29.07,43.66,48,0,25.84
228,Norheimsund,NO,2020-08-18 11:20:47,60.37,6.15,77.0,53,20,13.87
229,Nongan,CN,2020-08-18 11:20:47,44.38,125.17,78.8,69,75,4.47
230,Uarini,BR,2020-08-18 11:20:47,-2.99,-65.11,74.46,94,68,2.57
231,Airai,TL,2020-08-18 11:20:47,-8.93,125.41,56.77,100,49,1.83
232,Broome,US,2020-08-18 11:20:47,42.25,-75.83,60.01,100,90,6.93
233,Alyangula,AU,2020-08-18 11:20:47,-13.85,136.42,73.4,53,61,7.81
234,Batemans Bay,AU,2020-08-18 11:20:47,-35.72,150.18,45.0,86,1,1.99
235,Jacksonville,US,2020-08-18 11:19:53,30.33,-81.66,79.0,88,75,5.82
236,Tokur,RU,2020-08-18 11:20:48,53.13,132.9,46.65,97,100,2.84
237,Alta Floresta,BR,2020-08-18 11:20:48,-9.88,-56.09,73.42,29,0,2.84
238,Khlevnoye,RU,2020-08-18 11:20:48,52.2,39.09,80.6,36,40,8.95
239,Acapulco,MX,2020-08-18 11:19:18,16.86,-99.89,76.6,81,79,5.53
240,Champerico,GT,2020-08-18 11:20:48,14.3,-91.92,77.92,87,95,5.99
241,Chuy,UY,2020-08-18 11:20:48,-33.7,-53.46,47.12,83,0,5.37
242,Hasaki,JP,2020-08-18 11:20:49,35.73,140.83,81.0,88,75,6.93
243,Gizo,SB,2020-08-18 11:20:49,-8.1,156.84,80.58,83,99,15.7
244,Vostok,RU,2020-08-18 11:20:49,46.49,135.88,63.48,100,88,6.46
245,Avera,US,2020-08-18 11:20:49,33.19,-82.53,71.6,89,40,1.59
246,Pandan,PH,2020-08-18 11:20:49,14.05,124.17,82.17,77,49,3.67
247,Port-Cartier,CA,2020-08-18 11:20:49,50.03,-66.87,63.0,88,75,13.87
248,Guerrero Negro,MX,2020-08-18 11:20:50,27.98,-114.06,72.34,76,0,4.59
249,Grand Gaube,MU,2020-08-18 11:20:50,-20.01,57.66,75.0,69,7,8.99
250,Rajpipla,IN,2020-08-18 11:20:50,21.87,73.5,82.4,88,75,5.82
251,Ende,ID,2020-08-18 11:20:50,-8.84,121.66,75.07,76,10,3.85
252,Grindavik,IS,2020-08-18 11:20:50,63.84,-22.43,51.8,100,90,5.82
253,Kaseda,JP,2020-08-18 11:20:50,31.42,130.32,87.8,66,20,4.7
254,Port Hardy,CA,2020-08-18 11:20:51,50.7,-127.42,59.0,100,75,3.18
255,Edson,CA,2020-08-18 11:16:41,53.58,-116.44,50.0,93,1,4.7
256,Lata,PT,2020-08-18 11:20:51,40.16,-8.33,82.0,64,92,3.11
257,Georgetown,MY,2020-08-18 11:20:05,5.41,100.34,86.0,70,40,3.36
258,Ribeira Grande,PT,2020-08-18 11:20:51,38.52,-28.7,73.4,94,75,8.05
259,Hambantota,LK,2020-08-18 11:20:51,6.12,81.12,95.0,50,20,16.11
260,Haverfordwest,GB,2020-08-18 11:20:51,51.8,-4.97,68.0,82,4,17.22
261,Buchanan,LR,2020-08-18 11:20:52,5.88,-10.05,82.4,78,75,4.7
262,Mount Hagen,PG,2020-08-18 11:20:52,-5.86,144.23,59.81,92,39,0.6
263,Guilin,CN,2020-08-18 11:20:28,25.28,110.29,91.4,52,100,1.54
264,Kloulklubed,PW,2020-08-18 11:20:52,7.04,134.26,78.8,88,90,9.17
265,Tigil,RU,2020-08-18 11:20:52,57.8,158.67,56.64,78,81,1.48
266,North Bend,US,2020-08-18 11:18:29,43.41,-124.22,57.2,93,90,3.36
267,Anadyr,RU,2020-08-18 11:20:52,64.75,177.48,41.0,75,1,8.95
268,Comodoro Rivadavia,AR,2020-08-18 11:20:40,-45.87,-67.5,41.0,41,68,20.8
269,Daytona Beach,US,2020-08-18 11:16:01,29.21,-81.02,75.0,100,40,4.36
270,Bac Lieu,VN,2020-08-18 11:20:53,9.29,105.72,84.88,74,54,10.6
271,Ambilobe,MG,2020-08-18 11:20:53,-13.2,49.05,84.9,43,93,12.24
272,Bouca,CF,2020-08-18 11:20:53,6.51,18.27,84.88,69,82,3.67
273,Salalah,OM,2020-08-18 11:20:53,17.02,54.09,77.0,100,90,6.93
274,Katsuura,JP,2020-08-18 11:20:53,35.13,140.3,84.0,74,27,3.0
275,Hamilton,US,2020-08-18 11:18:15,39.18,-84.53,68.0,93,90,4.18
276,Baikunthpur,IN,2020-08-18 11:19:09,23.25,82.55,84.9,77,87,5.64
277,Rocha,UY,2020-08-18 11:20:53,-34.48,-54.33,46.49,82,0,6.33
278,Teteven,BG,2020-08-18 11:20:53,42.92,24.27,87.8,35,20,4.7
279,Evensk,RU,2020-08-18 11:20:54,61.95,159.23,52.63,59,100,3.94
280,Koumac,NC,2020-08-18 11:20:54,-20.57,164.28,66.27,69,100,8.23
281,Coquimbo,CL,2020-08-18 11:20:54,-29.95,-71.34,50.0,81,45,2.24
282,Kaitangata,NZ,2020-08-18 11:20:54,-46.28,169.85,45.0,68,100,1.99
283,Kasongo,CD,2020-08-18 11:20:55,-4.45,26.67,102.0,22,35,3.69
284,San Patricio,MX,2020-08-18 11:20:55,19.22,-104.7,79.21,78,100,8.57
285,Warri,NG,2020-08-18 11:20:55,5.52,5.75,86.74,56,75,8.34
286,Sitka,US,2020-08-18 11:20:55,57.05,-135.33,53.6,93,90,5.82
287,Pacific Grove,US,2020-08-18 11:19:22,36.62,-121.92,64.4,77,1,3.36
288,San Quintin,MX,2020-08-18 11:20:55,30.48,-115.95,74.12,68,9,4.88
289,Trairi,BR,2020-08-18 11:20:55,-3.28,-39.27,79.11,61,54,13.8
290,Northam,GB,2020-08-18 11:20:55,51.03,-4.22,70.0,82,22,5.01
291,Asosa,ET,2020-08-18 11:20:55,10.07,34.53,66.43,100,100,5.95
292,Alice Springs,AU,2020-08-18 11:17:44,-23.7,133.88,71.6,26,0,8.05
293,Kenai,US,2020-08-18 11:20:56,60.55,-151.26,55.4,87,75,8.05
294,Vao,NC,2020-08-18 11:20:56,-22.67,167.48,69.26,69,24,14.45
295,Ponta Delgada,PT,2020-08-18 11:20:56,37.73,-25.67,75.2,88,40,14.99
296,Barranca,PE,2020-08-18 11:20:56,-10.75,-77.77,59.56,80,99,5.77
297,Auki,SB,2020-08-18 11:20:56,-8.77,160.7,78.48,85,100,3.71
298,Mahebourg,MU,2020-08-18 11:20:56,-20.41,57.7,75.2,69,75,14.99
299,Chekhov,RU,2020-08-18 11:20:57,55.14,37.47,69.8,32,36,11.18
300,Nhulunbuy,AU,2020-08-18 11:20:57,-12.23,136.77,73.4,64,23,3.36
301,Necochea,AR,2020-08-18 11:20:57,-38.55,-58.74,41.0,76,0,1.99
302,Marzuq,YE,2020-08-18 11:20:57,14.4,46.47,97.05,20,5,9.64
303,Severnoye,RU,2020-08-18 11:20:57,56.35,78.36,62.51,89,100,8.59
304,Coahuayana,MX,2020-08-18 11:20:57,18.73,-103.68,75.04,83,100,2.84
305,Kashmor,PK,2020-08-18 11:20:57,28.43,69.58,108.01,29,49,9.46
306,Atar,MR,2020-08-18 11:20:57,20.52,-13.05,93.22,35,0,9.62
307,Klaksvik,FO,2020-08-18 11:20:57,62.23,-6.59,55.4,76,36,5.82
308,Chernyshevskiy,RU,2020-08-18 11:20:57,63.01,112.47,63.79,50,3,3.0
309,Channel-Port Aux Basques,CA,2020-08-18 11:20:58,47.57,-59.14,59.36,88,100,23.67
310,Alihe,CN,2020-08-18 11:20:58,50.57,123.72,49.21,90,72,2.21
311,Rawson,AR,2020-08-18 11:20:58,-43.3,-65.1,39.88,67,0,18.86
312,Khash,IR,2020-08-18 11:20:59,28.22,61.22,98.92,9,15,20.31
313,Husavik,IS,2020-08-18 11:20:59,66.04,-17.34,51.8,81,90,2.24
314,Ewa Beach,US,2020-08-18 11:20:59,21.32,-158.01,77.0,94,75,3.36
315,Barra Dos Coqueiros,BR,2020-08-18 11:20:59,-10.91,-37.04,78.8,69,40,12.75
316,Maneadero,MX,2020-08-18 11:20:59,31.72,-116.57,69.01,94,13,1.99
317,Pevek,RU,2020-08-18 11:20:59,69.7,170.31,40.15,82,99,11.16
318,Meadow Lake,US,2020-08-18 11:20:59,34.8,-106.54,73.4,35,1,9.17
319,Port Macquarie,AU,2020-08-18 11:21:00,-31.43,152.92,48.99,89,66,9.01
320,Padang,ID,2020-08-18 11:21:00,-0.95,100.35,81.46,73,73,0.56
321,Silikatnyy,RU,2020-08-18 11:21:00,53.99,48.33,66.2,42,75,15.66
322,Nanga Eboko,CM,2020-08-18 11:21:00,4.68,12.37,76.6,78,98,4.0
323,Maragogi,BR,2020-08-18 11:21:00,-9.01,-35.22,76.75,80,24,10.36
324,Cherskiy,RU,2020-08-18 11:21:01,68.75,161.3,42.08,87,100,11.12
325,Meulaboh,ID,2020-08-18 11:21:01,4.14,96.13,83.46,72,37,5.66
326,Beisfjord,NO,2020-08-18 11:21:01,68.38,17.6,51.8,87,75,25.28
327,Taltal,CL,2020-08-18 11:21:01,-25.4,-70.48,47.68,73,52,2.04
328,Dalbeattie,GB,2020-08-18 11:21:01,54.93,-3.82,64.0,95,95,8.01
329,Aitape,PG,2020-08-18 11:21:01,-3.14,142.35,79.65,81,8,8.03
330,Bamberg,DE,2020-08-18 11:21:01,49.88,10.89,78.01,58,70,1.01
331,Souillac,MU,2020-08-18 11:21:02,-20.52,57.52,75.2,69,75,14.99
332,Illapel,CL,2020-08-18 11:21:02,-31.63,-71.17,46.17,80,45,1.01
333,Kamina,CD,2020-08-18 11:21:02,-8.74,24.99,100.18,9,43,3.51
334,Vytegra,RU,2020-08-18 11:21:02,61.01,36.45,60.82,54,0,9.84
335,Baoro,CF,2020-08-18 11:21:02,5.67,15.97,79.74,76,93,7.52
336,Cravo Norte,CO,2020-08-18 11:21:02,6.3,-70.2,73.92,95,100,0.85
337,Beloha,MG,2020-08-18 11:21:02,-25.17,45.05,89.31,17,0,8.34
338,Jinsha,CN,2020-08-18 11:21:02,32.09,121.07,93.0,69,0,5.01
339,Pacocha,PE,2020-08-18 11:21:03,-17.58,-71.33,55.17,83,94,4.38
340,Bako,ET,2020-08-18 11:21:03,5.78,36.57,71.65,83,84,2.77
341,Bathsheba,BB,2020-08-18 11:21:03,13.22,-59.52,78.8,88,75,8.05
342,Saint-Pierre,RE,2020-08-18 11:21:03,-21.34,55.48,77.0,65,34,25.28
343,Bereznik,RU,2020-08-18 11:21:03,62.86,42.71,58.98,50,48,9.53
344,Tieli,CN,2020-08-18 11:21:03,46.95,128.05,67.12,91,78,5.61
345,Honiara,SB,2020-08-18 11:16:10,-9.43,159.95,80.6,83,40,2.24
346,Malpe,IN,2020-08-18 11:21:04,13.35,74.72,77.0,94,90,13.15
347,Adiake,CI,2020-08-18 11:21:04,5.29,-3.3,80.6,78,20,11.41
348,Panjab,AF,2020-08-18 11:21:04,34.39,67.02,82.36,14,0,15.82
349,Kruisfontein,ZA,2020-08-18 11:21:04,-34.0,24.73,46.0,84,74,15.01
350,Sakaiminato,JP,2020-08-18 11:21:04,35.55,133.23,84.2,83,75,4.7
351,Korla,CN,2020-08-18 11:21:04,41.76,86.15,92.48,11,53,1.54
352,Teya,RU,2020-08-18 11:21:04,60.38,92.63,73.98,38,74,4.79
353,Amapa,BR,2020-08-18 11:21:04,1.0,-52.0,75.9,87,37,3.78
354,Coihaique,CL,2020-08-18 11:21:04,-45.58,-72.07,35.6,51,19,6.93
355,Castlemaine,AU,2020-08-18 11:21:05,-37.07,144.22,46.99,63,67,6.2
356,Liberal,US,2020-08-18 11:18:07,37.04,-100.92,62.6,82,1,5.23
357,Pangody,RU,2020-08-18 11:21:05,65.85,74.49,66.42,54,85,11.9
358,Komatsu,JP,2020-08-18 11:21:05,36.4,136.45,78.8,88,40,5.82
359,Minas,UY,2020-08-18 11:21:05,-34.38,-55.24,48.2,70,0,5.82
360,Kapoeta,SS,2020-08-18 11:21:05,4.77,33.59,79.29,65,100,9.17
361,Willmar,US,2020-08-18 11:21:05,45.12,-95.04,55.0,93,1,2.1
362,Thunder Bay,CA,2020-08-18 11:17:02,48.4,-89.32,48.99,100,20,3.36
363,Labelle,US,2020-08-18 11:21:06,26.76,-81.44,75.2,94,1,0.65
364,Starogard Gdanski,PL,2020-08-18 11:21:06,53.96,18.53,81.0,100,4,7.2
365,Campos Novos,BR,2020-08-18 11:21:06,-27.4,-51.23,57.83,99,72,3.96
366,Tandil,AR,2020-08-18 11:21:06,-37.32,-59.13,48.99,50,0,1.99
367,Walvis Bay,NA,2020-08-18 11:21:07,-22.96,14.51,66.2,45,0,6.93
368,Xining,CN,2020-08-18 11:21:09,36.62,101.77,68.45,42,25,9.51
369,Dakar,SN,2020-08-18 11:18:52,14.69,-17.44,86.0,74,75,11.41
370,Sargatskoye,RU,2020-08-18 11:21:09,55.61,73.5,70.21,47,37,15.21
371,Itarema,BR,2020-08-18 11:21:09,-2.92,-39.92,79.48,61,57,18.72
372,Rio Grande,BR,2020-08-18 11:17:32,-32.03,-52.1,46.99,98,0,4.94
373,Road Town,VG,2020-08-18 11:21:09,18.42,-64.62,84.0,82,32,4.0
374,Byron Bay,AU,2020-08-18 11:21:09,-28.65,153.62,64.4,59,90,8.05
375,Birao,CF,2020-08-18 11:21:09,10.28,22.79,85.73,65,71,3.98
376,Male,MV,2020-08-18 11:21:09,4.17,73.51,89.6,66,20,3.36
377,Hofn,IS,2020-08-18 11:21:09,64.25,-15.21,50.0,93,90,3.36
378,Taldan,RU,2020-08-18 11:21:10,53.67,124.8,52.93,61,0,7.49
379,Waipawa,NZ,2020-08-18 11:21:10,-41.41,175.52,50.0,76,100,9.17
380,Nsanje,MW,2020-08-18 11:21:10,-16.92,35.26,98.85,26,0,2.53
381,Kalmunai,LK,2020-08-18 11:21:10,7.42,81.82,86.5,67,44,16.06
382,Omboue,GA,2020-08-18 11:21:10,-1.57,9.26,80.22,73,97,8.63
383,Plavsk,RU,2020-08-18 11:21:10,53.71,37.29,72.91,52,30,4.79
384,Taicheng,CN,2020-08-18 11:21:10,38.73,113.23,62.78,82,88,3.87
385,Svetlogorsk,BY,2020-08-18 11:21:11,52.63,29.73,79.29,47,100,3.71
386,Macaubas,BR,2020-08-18 11:21:11,-13.02,-42.7,69.73,63,0,7.16
387,Skjervoy,NO,2020-08-18 11:21:11,70.03,20.97,51.8,81,75,19.46
388,Lakatoro,VU,2020-08-18 11:21:11,-16.1,167.42,75.63,83,100,7.34
389,Valkeakoski,FI,2020-08-18 11:21:11,61.26,24.03,72.0,30,0,2.24
390,Victoria,HK,2020-08-18 11:19:13,22.29,114.16,80.01,83,99,11.01
391,Koforidua,GH,2020-08-18 11:21:11,6.09,-0.26,84.2,66,20,11.41
392,Nemuro,JP,2020-08-18 11:21:11,43.32,145.57,59.54,90,100,5.64
393,Riyadh,SA,2020-08-18 11:21:11,24.69,46.72,105.8,8,0,18.34
394,Altotonga,MX,2020-08-18 11:21:11,19.77,-97.23,55.22,83,85,4.23
395,Fukue,JP,2020-08-18 11:21:11,32.69,128.84,82.4,83,20,6.93
396,Chenghai,CN,2020-08-18 11:21:11,23.46,116.77,78.8,88,75,13.42
397,Hashtrud,IR,2020-08-18 11:21:12,37.48,47.05,80.22,30,0,12.21
398,Santa Cruz,BO,2020-08-18 11:16:56,-17.8,-63.17,60.8,93,75,2.24
399,Roald,NO,2020-08-18 11:21:12,62.58,6.13,71.01,68,10,4.7
400,Alenquer,BR,2020-08-18 11:21:12,-1.94,-54.74,82.4,78,17,14.99
401,Lerwick,GB,2020-08-18 11:21:12,60.15,-1.15,60.8,100,75,5.82
402,Fairlie,GB,2020-08-18 11:21:12,55.76,-4.86,64.99,86,70,6.67
403,Tianjin,CN,2020-08-18 11:21:12,39.14,117.18,75.2,83,75,4.47
404,Panaba,MX,2020-08-18 11:21:12,21.28,-88.27,74.48,94,0,1.25
405,Marsh Harbour,BS,2020-08-18 11:21:13,26.54,-77.06,83.28,70,23,6.58
406,La Asuncion,VE,2020-08-18 11:21:13,11.03,-63.86,78.8,94,87,10.29
407,Yaan,NG,2020-08-18 11:21:13,7.38,8.57,82.17,77,98,7.05
408,Raga,SS,2020-08-18 11:21:13,8.46,25.68,85.17,65,40,5.48
409,Tual,ID,2020-08-18 11:21:13,-5.67,132.75,79.12,81,0,16.84
410,Awjilah,LY,2020-08-18 11:21:13,29.11,21.29,97.27,19,0,9.19
411,Nishihara,JP,2020-08-18 11:21:13,26.18,127.76,86.0,74,20,12.75
412,Soe,ID,2020-08-18 11:21:14,-9.86,124.28,63.21,95,0,4.29
413,Kargopol,RU,2020-08-18 11:21:14,61.51,38.95,58.86,55,46,8.23
414,Cabra,ES,2020-08-18 11:21:14,37.47,-4.44,90.0,30,0,1.01
415,Vanimo,PG,2020-08-18 11:21:14,-2.67,141.3,80.28,82,7,6.44
416,Karwar,IN,2020-08-18 11:21:14,14.8,74.13,80.91,82,94,14.94
417,Vallenar,CL,2020-08-18 11:21:14,-28.57,-70.76,46.27,86,17,3.18
418,Pitimbu,BR,2020-08-18 11:21:14,-7.47,-34.81,75.2,88,20,6.93
419,Mwinilunga,ZM,2020-08-18 11:21:14,-11.74,24.43,102.43,9,9,0.87
420,Burnie,AU,2020-08-18 11:21:14,-41.07,145.92,46.99,80,36,1.01
421,Shelburne,CA,2020-08-18 11:21:15,44.08,-80.2,57.0,100,1,3.36
422,Samoded,RU,2020-08-18 11:21:15,63.61,40.51,56.25,63,41,8.46
423,Lundazi,ZM,2020-08-18 11:21:15,-12.29,33.18,90.28,17,1,5.39
424,Kita,ML,2020-08-18 11:21:15,13.03,-9.49,83.21,77,97,4.74
425,Pyapon,MM,2020-08-18 11:21:15,16.28,95.68,83.21,79,99,8.25
426,Novopetrovskoye,RU,2020-08-18 11:21:15,55.99,36.47,66.2,39,40,11.18
427,Karratha,AU,2020-08-18 11:21:15,-20.74,116.85,69.31,41,0,9.91
428,Rio Gallegos,AR,2020-08-18 11:21:16,-51.62,-69.22,32.0,91,75,27.51
429,Vila Velha,BR,2020-08-18 11:21:16,-20.33,-40.29,77.0,88,75,3.36
430,Szabadszallas,HU,2020-08-18 11:21:16,46.88,19.22,80.01,69,75,4.7
431,Cayenne,GF,2020-08-18 11:21:16,4.93,-52.33,75.2,100,97,9.4
432,Ammon,US,2020-08-18 11:20:48,43.47,-111.97,66.0,55,1,6.93
433,Port Hedland,AU,2020-08-18 11:21:16,-20.32,118.57,69.8,46,0,8.05
434,Dingle,PH,2020-08-18 11:21:16,11.0,122.67,78.01,87,100,5.79
435,Emba,KZ,2020-08-18 11:21:16,48.83,58.14,73.6,37,5,22.95
436,Ust-Ilimsk,RU,2020-08-18 11:21:16,58.0,102.66,71.74,41,0,5.35
437,Namatanai,PG,2020-08-18 11:21:17,-3.67,152.43,79.09,79,3,11.45
438,Turayf,SA,2020-08-18 11:21:17,31.67,38.66,93.2,16,0,13.87
439,Biak,ID,2020-08-18 11:21:17,-0.91,122.88,76.17,76,19,8.77
440,Bubaque,GW,2020-08-18 11:21:17,11.28,-15.83,80.69,82,41,11.97
441,Vestmannaeyjar,IS,2020-08-18 11:21:17,63.44,-20.27,50.0,93,75,9.17
442,Morant Bay,JM,2020-08-18 11:21:17,17.88,-76.41,82.4,74,20,6.93
443,Hervey Bay,AU,2020-08-18 11:21:17,-25.3,152.85,68.0,77,0,10.29
444,Bambanglipuro,ID,2020-08-18 11:21:17,-7.95,110.28,77.38,75,12,13.91
445,Pacifica,US,2020-08-18 11:21:17,37.61,-122.49,64.99,77,20,9.17
446,Markivka,UA,2020-08-18 11:21:18,49.52,39.57,81.27,41,65,7.78
447,Pecos,US,2020-08-18 11:21:18,31.42,-103.49,71.6,49,40,3.36
448,Kastamonu,TR,2020-08-18 11:21:18,41.5,33.67,77.0,20,0,4.7
449,Punta Alta,AR,2020-08-18 11:21:13,-38.88,-62.07,45.18,64,22,13.33
450,Merrill,US,2020-08-18 11:21:18,45.18,-89.68,52.0,100,1,4.47
451,Olavarria,AR,2020-08-18 11:21:18,-36.89,-60.32,39.9,71,14,8.63
452,Aswan,EG,2020-08-18 11:21:18,24.09,32.91,108.79,10,0,13.13
453,Half Moon Bay,US,2020-08-18 11:21:19,37.46,-122.43,68.0,93,90,4.7
454,Bitkine,TD,2020-08-18 11:21:19,11.98,18.21,87.55,55,61,1.97
455,Rucheng,CN,2020-08-18 11:21:19,32.39,120.56,91.99,73,0,1.99
456,Mecca,SA,2020-08-18 11:20:19,21.43,39.83,110.66,12,76,16.02
457,Roma,US,2020-08-18 11:17:27,43.21,-75.46,64.4,82,90,2.19
458,Rolante,BR,2020-08-18 11:18:42,-29.65,-50.58,57.99,91,5,2.82
459,Qaqortoq,GL,2020-08-18 11:21:19,60.72,-46.03,51.8,62,20,4.7
460,Pemba,MZ,2020-08-18 11:21:19,-12.97,40.52,80.6,69,75,11.41
461,Khandyga,RU,2020-08-18 11:21:20,62.67,135.6,48.27,82,89,5.32
462,Correntina,BR,2020-08-18 11:21:20,-13.34,-44.64,72.32,61,0,5.46
463,Fort Wellington,GY,2020-08-18 11:18:06,6.4,-57.6,80.02,87,97,8.75
464,Banjar,ID,2020-08-18 11:21:20,-8.19,114.97,80.6,88,40,12.75
465,George Town,MY,2020-08-18 11:19:47,5.41,100.34,86.0,70,40,3.36
466,Holme,DK,2020-08-18 11:21:20,56.11,10.17,77.0,61,100,6.93
467,Daru,PG,2020-08-18 11:21:20,-9.08,143.21,73.99,78,1,10.25
468,Arman,RU,2020-08-18 11:21:20,59.7,150.17,52.7,88,100,7.02
469,Denpasar,ID,2020-08-18 11:20:19,-8.65,115.22,80.6,88,40,12.75
470,Stokmarknes,NO,2020-08-18 11:21:20,68.56,14.91,53.6,81,75,13.87
471,Te Anau,NZ,2020-08-18 11:21:21,-45.42,167.72,40.19,84,100,2.33
472,Manokwari,ID,2020-08-18 11:21:21,-0.87,134.08,81.14,77,91,5.23
473,Arlit,NE,2020-08-18 11:21:21,18.74,7.39,101.43,19,48,12.3
474,Veraval,IN,2020-08-18 11:21:21,20.9,70.37,82.89,83,81,21.9
475,Brokopondo,SR,2020-08-18 11:21:21,4.75,-55.17,77.68,79,98,8.5
476,Tangjiazhuang,CN,2020-08-18 11:21:21,39.73,118.45,80.69,85,26,3.36
477,Boa Esperanca Do Sul,BR,2020-08-18 11:21:21,-21.99,-48.39,66.61,80,92,6.64
478,Mitu,CO,2020-08-18 11:21:22,1.2,-70.17,70.14,98,99,1.52
479,Novoagansk,RU,2020-08-18 11:21:22,61.94,76.66,70.92,62,59,10.4
480,Longyan,CN,2020-08-18 11:21:22,25.11,117.02,82.0,73,84,1.01
481,Contamana,PE,2020-08-18 11:21:22,-7.33,-75.02,72.99,79,0,1.99
482,Lagoa,PT,2020-08-18 11:21:22,39.05,-27.98,73.74,87,98,13.38
483,Rudbar,AF,2020-08-18 11:21:22,30.15,62.6,108.77,7,0,17.34
484,Ancud,CL,2020-08-18 11:21:22,-41.87,-73.82,37.99,74,31,3.36
485,Inhambane,MZ,2020-08-18 11:21:22,-23.86,35.38,80.6,61,29,23.04
486,Naron,ES,2020-08-18 11:21:22,43.52,-8.15,73.0,88,40,8.05
487,Santa Maria,BR,2020-08-18 11:17:35,-29.68,-53.81,44.6,93,20,2.24
488,Iqaluit,CA,2020-08-18 11:21:23,63.75,-68.51,41.0,93,75,5.82
489,Petropavl,KZ,2020-08-18 11:21:23,54.88,69.16,62.6,72,75,13.42
490,Qandala,SO,2020-08-18 11:21:23,11.47,49.87,94.35,42,91,4.36
491,Suozhen,CN,2020-08-18 11:21:23,36.95,118.1,91.99,62,32,1.99
492,Liverpool,GB,2020-08-18 11:21:23,53.41,-2.98,71.01,64,40,13.87
493,Port Lincoln,AU,2020-08-18 11:21:23,-34.73,135.87,54.28,70,98,27.27
494,Bingerville,CI,2020-08-18 11:21:23,5.36,-3.89,80.6,78,20,11.41
495,Kualakapuas,ID,2020-08-18 11:21:24,-3.01,114.39,84.2,58,78,8.05
496,Bardiyah,LY,2020-08-18 11:20:07,31.76,25.09,85.05,57,0,17.69
497,Kang,BW,2020-08-18 11:21:24,-23.68,22.79,60.42,32,0,15.77
498,Ust-Barguzin,RU,2020-08-18 11:21:24,53.45,108.98,60.91,66,4,5.12
499,Russell,US,2020-08-18 11:21:24,32.35,-85.2,73.4,94,75,3.36
500,Kilindoni,TZ,2020-08-18 11:21:25,-7.91,39.67,78.35,72,77,5.46
501,Buraydah,SA,2020-08-18 11:21:25,26.33,43.98,105.8,18,0,17.22
502,Nelson Bay,AU,2020-08-18 11:21:25,-32.72,152.15,55.0,87,19,8.05
503,Tatvan,TR,2020-08-18 11:21:25,38.51,42.28,89.6,13,20,6.93
504,Matara,LK,2020-08-18 11:21:25,5.95,80.54,84.18,70,19,12.75
505,Londonderry,GB,2020-08-18 11:19:55,55.0,-7.31,66.2,82,75,4.7
506,Tazovskiy,RU,2020-08-18 11:21:25,67.47,78.7,63.99,73,29,12.8
507,Lingao,CN,2020-08-18 11:17:39,19.91,109.69,82.62,81,100,10.85
508,Rosita,NI,2020-08-18 11:21:25,13.93,-84.4,71.82,97,78,2.33
509,Dalbandin,PK,2020-08-18 11:21:25,28.89,64.41,106.48,12,0,9.37
510,La Ronge,CA,2020-08-18 11:21:25,55.1,-105.28,60.8,93,75,2.24
511,Bure,ET,2020-08-18 11:21:26,10.7,37.07,68.85,87,100,4.29
512,Sao Bento Do Sul,BR,2020-08-18 11:20:51,-26.25,-49.38,55.99,93,100,10.0
513,Erenhot,CN,2020-08-18 11:18:11,43.65,111.98,74.37,45,99,6.85
514,Cockburn Town,TC,2020-08-18 11:19:30,21.46,-71.14,78.8,94,40,9.17
515,Mareeba,AU,2020-08-18 11:21:26,-17.0,145.43,66.2,88,40,2.24
516,Shenjiamen,CN,2020-08-18 11:21:26,29.96,122.3,81.81,87,1,10.85
517,Quatre Cocos,MU,2020-08-18 11:21:26,-20.21,57.76,75.2,69,75,14.99
518,Ulaangom,MN,2020-08-18 11:21:26,49.98,92.07,73.22,46,42,6.85
519,Belaya Gora,RU,2020-08-18 11:21:27,68.53,146.42,48.56,67,100,6.2
520,Bitung,ID,2020-08-18 11:21:27,1.45,125.18,80.6,83,40,1.12
521,Mount Pleasant,US,2020-08-18 11:21:27,32.79,-79.86,75.99,100,40,1.72
522,Tomatlan,MX,2020-08-18 11:21:27,19.93,-105.25,73.6,93,100,3.83
523,Magdagachi,RU,2020-08-18 11:21:27,53.45,125.8,54.21,53,0,7.52
524,Vanavara,RU,2020-08-18 11:21:28,60.34,102.28,69.44,36,41,5.39
525,Kysyl-Syr,RU,2020-08-18 11:21:28,63.9,122.76,59.83,59,57,4.74
526,Manuk Mangkaw,PH,2020-08-18 11:21:28,4.8,119.85,84.45,70,100,7.7
527,Holmestrand,NO,2020-08-18 11:21:28,59.49,10.32,80.01,58,5,5.66
528,Pontes E Lacerda,BR,2020-08-18 11:21:28,-15.23,-59.34,74.82,37,2,2.62
529,El Maranon,HN,2020-08-18 11:21:28,15.4,-88.05,75.0,98,67,1.83
530,Severo-Kurilsk,RU,2020-08-18 11:21:28,50.68,156.12,52.05,85,19,6.15
531,Barras,BR,2020-08-18 11:21:28,-4.24,-42.29,80.04,53,45,8.61
532,Slave Lake,CA,2020-08-18 11:21:28,55.28,-114.77,53.6,93,1,3.2
533,Odate,JP,2020-08-18 11:21:29,40.27,140.57,73.4,88,75,4.7
534,Timmins,CA,2020-08-18 11:21:29,48.47,-81.33,48.2,100,75,4.7
535,Zabol,AF,2020-08-18 11:21:29,32.25,67.25,94.55,10,0,18.54
536,The Valley,AI,2020-08-18 11:20:44,18.22,-63.06,84.2,74,40,10.29
537,Poum,NC,2020-08-18 11:21:09,-20.23,164.02,69.69,68,100,15.75
538,Nioro,GM,2020-08-18 11:21:29,13.35,-15.75,85.37,75,46,8.7
539,Beaverlodge,CA,2020-08-18 11:20:49,55.22,-119.44,51.8,100,40,5.82
540,Nyurba,RU,2020-08-18 11:21:29,63.28,118.33,61.23,57,38,3.0
541,Iskateley,RU,2020-08-18 11:21:29,67.68,53.15,51.01,94,100,10.67
542,Fallon,US,2020-08-18 11:21:29,39.47,-118.78,69.8,56,1,3.36
543,Qasigiannguit,GL,2020-08-18 11:21:30,68.82,-51.19,48.2,54,75,2.24
544,Inuvik,CA,2020-08-18 11:21:30,68.35,-133.72,48.2,76,40,3.36
545,Bonthe,SL,2020-08-18 11:21:30,7.53,-12.51,77.04,87,94,6.22
546,Nome,US,2020-08-18 11:21:30,64.5,-165.41,50.0,81,1,3.36
547,Matay,EG,2020-08-18 11:21:30,28.42,30.78,98.91,19,0,13.73
548,Kuito,AO,2020-08-18 11:21:30,-12.38,16.93,84.9,13,6,7.67
549,Zhigansk,RU,2020-08-18 11:20:11,66.77,123.37,62.33,50,87,7.11
550,Sept-Iles,CA,2020-08-18 11:21:30,50.2,-66.38,63.0,88,75,13.87
551,Kyzyl-Suu,KG,2020-08-18 11:21:30,42.34,78.0,56.73,82,100,4.72
552,Bilma,NE,2020-08-18 11:21:31,18.69,12.92,102.47,14,1,3.65
553,Melita,CA,2020-08-18 11:21:31,49.27,-101.0,60.01,90,13,1.01
554,Lao Cai,VN,2020-08-18 11:19:36,22.48,103.95,76.24,86,100,0.11
555,North Shore,NZ,2020-08-18 11:21:31,-36.8,174.75,60.01,87,100,7.0
556,Shimanovsk,RU,2020-08-18 11:21:31,52.0,127.7,54.57,70,10,7.65
557,Bara,NG,2020-08-18 11:21:31,10.37,10.73,82.17,70,93,3.98
558,Sambava,MG,2020-08-18 11:21:31,-14.27,50.17,74.28,83,98,14.81
559,Floro,NO,2020-08-18 11:21:32,61.6,5.03,71.6,73,44,4.7
560,Zhangye,CN,2020-08-18 11:21:32,38.93,100.45,85.96,13,2,10.02
561,Kovdor,RU,2020-08-18 11:21:32,67.57,30.48,54.27,62,96,5.46
562,Lucea,JM,2020-08-18 11:21:32,18.45,-78.17,80.6,74,20,2.24
563,Ylivieska,FI,2020-08-18 11:21:32,64.08,24.55,66.0,58,40,5.01
564,Elko,US,2020-08-18 11:21:32,41.0,-115.5,69.01,42,1,3.27
565,Nouadhibou,MR,2020-08-18 11:21:32,20.93,-17.03,86.0,45,0,16.11
566,Kholodnyy,RU,2020-08-18 11:21:33,62.72,147.95,45.99,89,98,3.15
567,Kuusamo,FI,2020-08-18 11:21:33,65.97,29.18,55.4,50,20,9.17
